<exporter version="1.0">
    <!-- identifier of the exporter -->
    <name>sass-mixins</name>

    <!-- for compatiblility only: allow referencing the exporter as "sass-mixins" -->
    <nameAlias>sass-mixins</nameAlias>

    <!-- display name of the exporter for the combo box -->
    <displayName>SASS Mixins (css)</displayName>
	
    <!-- description of the exporter -->
    <description>Exporter for SASS.</description>

    <!-- exporter version -->
    <version>1.0</version>
	
    <!-- currently only one file allowed - more to come with update -->
    <files>
        <file>
            <!-- name of this file variable -->
            <name>sass</name>

            <!-- human readable name (for GUI) -->
            <displayName>SASS</displayName>

            <!-- file extension for the file -->
            <fileExtension>sass</fileExtension>

            <!-- name of the template file -->
            <template>mixins.sass</template>
        </file>
    </files>

    <!-- target framework supports trimming -->
    <supportsTrimming>false</supportsTrimming>

    <!-- target framework supports rotated sprites -->
    <supportsRotation>false</supportsRotation>

    <!-- rotated sprites direction (cw/ccw) -->
    <rotationDirection>cw</rotationDirection>

    <!-- supports npot sizes -->
    <supportsNPOT>true</supportsNPOT>

    <!-- supports file name stripping (remove .png etc) -->
    <supportsTrimSpriteNames>yes</supportsTrimSpriteNames>

    <!-- supports texure subpath -->
    <supportsTextureSubPath>yes</supportsTextureSubPath>

</exporter>


